{
	"status_code": 0,
	"aweme_list": [
		{
			"statistics": {
				"aweme_id": "6915360674424163588",
				"comment_count": 0,
				"digg_count": 3,
				"play_count": 0,
				"share_count": 0,
				"forward_count": 0
			},
			"video_labels": null,
			"promotions": null,
			"images": null,
			"desc": "#日落🌄 不再着急恋爱  我在等一个人来捡起七零八落的我 慢慢来本身就是一种诚意",
			"video": {
				"height": 1080,
				"origin_cover": {
					"uri": "tos-cn-p-0015/33e6a6765af949eca42b8738b2136fe6_1610107946",
					"url_list": [
						"https://p9.douyinpic.com/tos-cn-p-0015/33e6a6765af949eca42b8738b2136fe6_1610107946~tplv-dy-360p.jpeg?from=2563711402",
						"https://p29.douyinpic.com/tos-cn-p-0015/33e6a6765af949eca42b8738b2136fe6_1610107946~tplv-dy-360p.jpeg?from=2563711402",
						"https://p6.douyinpic.com/tos-cn-p-0015/33e6a6765af949eca42b8738b2136fe6_1610107946~tplv-dy-360p.jpeg?from=2563711402"
					]
				},
				"ratio": "720p",
				"vid": "v0200fe30000bvs4cqih9ni9cgd5avhg",
				"play_addr": {
					"uri": "v0200fe30000bvs4cqih9ni9cgd5avhg",
					"url_list": [
						"http://v95.douyinvod.com/c55ac0fa6a94624ea3878b37b0332c54/600ba088/video/tos/cn/tos-cn-ve-15/e71b5acab7da4247be900c36411bde78/?a=1128&br=2421&bt=807&cd=0%7C0%7C0&cr=0&cs=0&cv=1&dr=0&ds=3&er=&l=2021012311052201019806015159029801&lr=all&mime_type=video_mp4&pl=0&qs=0&rc=ank4ajxxa3Q3eTMzNmkzM0ApOGg4PGc6ODxkN2k2ZTw5N2dlXmFgZjZmYHBfLS1iLS9zc2MuYmJfXjEwLjZiM2IzMDY6Yw%3D%3D&vl=&vr=",
						"http://v26.douyinvod.com/59d001bb739c16d1d85c25dce57c4eb5/600ba088/video/tos/cn/tos-cn-ve-15/e71b5acab7da4247be900c36411bde78/?a=1128&br=2421&bt=807&cd=0%7C0%7C0&cr=0&cs=0&cv=1&dr=0&ds=3&er=&l=2021012311052201019806015159029801&lr=all&mime_type=video_mp4&pl=0&qs=0&rc=ank4ajxxa3Q3eTMzNmkzM0ApOGg4PGc6ODxkN2k2ZTw5N2dlXmFgZjZmYHBfLS1iLS9zc2MuYmJfXjEwLjZiM2IzMDY6Yw%3D%3D&vl=&vr=",
						"https://aweme.snssdk.com/aweme/v1/play/?video_id=v0200fe30000bvs4cqih9ni9cgd5avhg&line=0&ratio=720p&media_type=4&vr_type=0&improve_bitrate=0&is_play_url=1&source=PackSourceEnum_NONE",
						"https://api.amemv.com/aweme/v1/play/?video_id=v0200fe30000bvs4cqih9ni9cgd5avhg&line=1&ratio=720p&media_type=4&vr_type=0&improve_bitrate=0&is_play_url=1&source=PackSourceEnum_NONE"
					]
				},
				"width": 1920,
				"dynamic_cover": {
					"uri": "tos-cn-i-0813/06e01b34f4db4e12b31272111cd1735c",
					"url_list": [
						"https://p1.douyinpic.com/img/tos-cn-i-0813/06e01b34f4db4e12b31272111cd1735c~tplv-dmt-logom:tos-cn-i-0813/cff13ff73b8f4a1a99f2001b6d3952db.image?from=2563711402_large",
						"https://p3.douyinpic.com/img/tos-cn-i-0813/06e01b34f4db4e12b31272111cd1735c~tplv-dmt-logom:tos-cn-i-0813/cff13ff73b8f4a1a99f2001b6d3952db.image?from=2563711402_large",
						"https://p26.douyinpic.com/img/tos-cn-i-0813/06e01b34f4db4e12b31272111cd1735c~tplv-dmt-logom:tos-cn-i-0813/cff13ff73b8f4a1a99f2001b6d3952db.image?from=2563711402_large"
					]
				},
				"download_addr": {
					"uri": "v0200fe30000bvs4cqih9ni9cgd5avhg",
					"url_list": [
						"https://aweme.snssdk.com/aweme/v1/play/?video_id=v0200fe30000bvs4cqih9ni9cgd5avhg&line=0&ratio=720p&watermark=1&media_type=4&vr_type=0&improve_bitrate=0&logo_name=aweme_search_suffix&source=PackSourceEnum_DOUYIN_REFLOW",
						"https://api.amemv.com/aweme/v1/play/?video_id=v0200fe30000bvs4cqih9ni9cgd5avhg&line=1&ratio=720p&watermark=1&media_type=4&vr_type=0&improve_bitrate=0&logo_name=aweme_search_suffix&source=PackSourceEnum_DOUYIN_REFLOW"
					]
				},
				"has_watermark": true,
				"play_addr_lowbr": {
					"uri": "v0200fe30000bvs4cqih9ni9cgd5avhg",
					"url_list": [
						"http://v95.douyinvod.com/c55ac0fa6a94624ea3878b37b0332c54/600ba088/video/tos/cn/tos-cn-ve-15/e71b5acab7da4247be900c36411bde78/?a=1128&br=2421&bt=807&cd=0%7C0%7C0&cr=0&cs=0&cv=1&dr=0&ds=3&er=&l=2021012311052201019806015159029801&lr=all&mime_type=video_mp4&pl=0&qs=0&rc=ank4ajxxa3Q3eTMzNmkzM0ApOGg4PGc6ODxkN2k2ZTw5N2dlXmFgZjZmYHBfLS1iLS9zc2MuYmJfXjEwLjZiM2IzMDY6Yw%3D%3D&vl=&vr=",
						"http://v26.douyinvod.com/59d001bb739c16d1d85c25dce57c4eb5/600ba088/video/tos/cn/tos-cn-ve-15/e71b5acab7da4247be900c36411bde78/?a=1128&br=2421&bt=807&cd=0%7C0%7C0&cr=0&cs=0&cv=1&dr=0&ds=3&er=&l=2021012311052201019806015159029801&lr=all&mime_type=video_mp4&pl=0&qs=0&rc=ank4ajxxa3Q3eTMzNmkzM0ApOGg4PGc6ODxkN2k2ZTw5N2dlXmFgZjZmYHBfLS1iLS9zc2MuYmJfXjEwLjZiM2IzMDY6Yw%3D%3D&vl=&vr=",
						"https://aweme.snssdk.com/aweme/v1/play/?video_id=v0200fe30000bvs4cqih9ni9cgd5avhg&line=0&ratio=720p&media_type=4&vr_type=0&improve_bitrate=0&is_play_url=1&source=PackSourceEnum_NONE",
						"https://api.amemv.com/aweme/v1/play/?video_id=v0200fe30000bvs4cqih9ni9cgd5avhg&line=1&ratio=720p&media_type=4&vr_type=0&improve_bitrate=0&is_play_url=1&source=PackSourceEnum_NONE"
					]
				},
				"bit_rate": null,
				"duration": 6667,
				"cover": {
					"uri": "tos-cn-i-0813/06e01b34f4db4e12b31272111cd1735c",
					"url_list": [
						"https://p6.douyinpic.com/img/tos-cn-i-0813/06e01b34f4db4e12b31272111cd1735c~tplv-dmt-logomcc:tos-cn-i-0813/cff13ff73b8f4a1a99f2001b6d3952db:300:400.jpeg?from=2563711402_large",
						"https://p3.douyinpic.com/img/tos-cn-i-0813/06e01b34f4db4e12b31272111cd1735c~tplv-dmt-logomcc:tos-cn-i-0813/cff13ff73b8f4a1a99f2001b6d3952db:300:400.jpeg?from=2563711402_large",
						"https://p29.douyinpic.com/img/tos-cn-i-0813/06e01b34f4db4e12b31272111cd1735c~tplv-dmt-logomcc:tos-cn-i-0813/cff13ff73b8f4a1a99f2001b6d3952db:300:400.jpeg?from=2563711402_large"
					]
				}
			},
			"text_extra": [
				{
					"type": 1,
					"hashtag_name": "日落🌄",
					"hashtag_id": 1589731412818957,
					"start": 0,
					"end": 5
				}
			],
			"aweme_type": 4,
			"image_infos": null,
			"video_text": null,
			"label_top_text": null,
			"long_video": null,
			"author": {
				"signature": "勿滥",
				"with_commerce_entry": false,
				"has_orders": false,
				"is_gov_media_vip": false,
				"sec_uid": "MS4wLjABAAAA5sofqwkCjeZqwtTMs00E5HAg8udRR-warVgfPykwwgk",
				"follower_count": 0,
				"story_open": false,
				"short_id": "925213062",
				"verification_type": 1,
				"with_shop_entry": false,
				"policy_version": null,
				"type_label": [],
				"avatar_larger": {
					"uri": "1ca7800055be4984626ae",
					"url_list": [
						"https://p6.douyinpic.com/aweme/1080x1080/1ca7800055be4984626ae.jpeg?from=4010531038",
						"https://p29.douyinpic.com/aweme/1080x1080/1ca7800055be4984626ae.jpeg?from=4010531038",
						"https://p3.douyinpic.com/aweme/1080x1080/1ca7800055be4984626ae.jpeg?from=4010531038"
					]
				},
				"avatar_medium": {
					"uri": "1ca7800055be4984626ae",
					"url_list": [
						"https://p3.douyinpic.com/aweme/720x720/1ca7800055be4984626ae.jpeg?from=4010531038",
						"https://p6.douyinpic.com/aweme/720x720/1ca7800055be4984626ae.jpeg?from=4010531038",
						"https://p9.douyinpic.com/aweme/720x720/1ca7800055be4984626ae.jpeg?from=4010531038"
					]
				},
				"is_ad_fake": false,
				"rate": 1,
				"nickname": "Boyfriend",
				"total_favorited": "0",
				"unique_id": "JohnserdSeed",
				"platform_sync_info": null,
				"secret": 0,
				"geofencing": null,
				"uid": "71774324045",
				"avatar_thumb": {
					"uri": "1ca7800055be4984626ae",
					"url_list": [
						"https://p6.douyinpic.com/aweme/100x100/1ca7800055be4984626ae.jpeg?from=4010531038",
						"https://p3.douyinpic.com/aweme/100x100/1ca7800055be4984626ae.jpeg?from=4010531038",
						"https://p29.douyinpic.com/aweme/100x100/1ca7800055be4984626ae.jpeg?from=4010531038"
					]
				},
				"aweme_count": 0,
				"following_count": 0,
				"custom_verify": "",
				"region": "CN",
				"enterprise_verify_reason": "",
				"video_icon": {
					"uri": "",
					"url_list": []
				},
				"with_fusion_shop_entry": false,
				"user_canceled": false,
				"follow_status": 0,
				"favoriting_count": 0,
				"followers_detail": null
			},
			"cha_list": null,
			"geofencing": null,
			"aweme_id": "6915360674424163588",
			"comment_list": null
		},
		{
			"desc": "历史老师评讲试卷的时候说：“其实吧有些选项它没错只是不合适”#晚霞",
			"text_extra": [
				{
					"start": 30,
					"end": 33,
					"type": 1,
					"hashtag_name": "晚霞",
					"hashtag_id": 1568639778065409
				}
			],
			"image_infos": null,
			"label_top_text": null,
			"video_labels": null,
			"aweme_type": 4,
			"author": {
				"following_count": 0,
				"is_gov_media_vip": false,
				"is_ad_fake": false,
				"video_icon": {
					"uri": "",
					"url_list": []
				},
				"uid": "71774324045",
				"short_id": "925213062",
				"avatar_thumb": {
					"uri": "1ca7800055be4984626ae",
					"url_list": [
						"https://p6.douyinpic.com/aweme/100x100/1ca7800055be4984626ae.jpeg?from=4010531038",
						"https://p3.douyinpic.com/aweme/100x100/1ca7800055be4984626ae.jpeg?from=4010531038",
						"https://p29.douyinpic.com/aweme/100x100/1ca7800055be4984626ae.jpeg?from=4010531038"
					]
				},
				"custom_verify": "",
				"unique_id": "JohnserdSeed",
				"story_open": false,
				"sec_uid": "MS4wLjABAAAA5sofqwkCjeZqwtTMs00E5HAg8udRR-warVgfPykwwgk",
				"platform_sync_info": null,
				"avatar_medium": {
					"uri": "1ca7800055be4984626ae",
					"url_list": [
						"https://p3.douyinpic.com/aweme/720x720/1ca7800055be4984626ae.jpeg?from=4010531038",
						"https://p6.douyinpic.com/aweme/720x720/1ca7800055be4984626ae.jpeg?from=4010531038",
						"https://p9.douyinpic.com/aweme/720x720/1ca7800055be4984626ae.jpeg?from=4010531038"
					]
				},
				"aweme_count": 0,
				"total_favorited": "0",
				"with_commerce_entry": false,
				"enterprise_verify_reason": "",
				"region": "CN",
				"follow_status": 0,
				"favoriting_count": 0,
				"user_canceled": false,
				"with_fusion_shop_entry": false,
				"policy_version": null,
				"with_shop_entry": false,
				"has_orders": false,
				"rate": 1,
				"signature": "勿滥",
				"avatar_larger": {
					"uri": "1ca7800055be4984626ae",
					"url_list": [
						"https://p6.douyinpic.com/aweme/1080x1080/1ca7800055be4984626ae.jpeg?from=4010531038",
						"https://p29.douyinpic.com/aweme/1080x1080/1ca7800055be4984626ae.jpeg?from=4010531038",
						"https://p3.douyinpic.com/aweme/1080x1080/1ca7800055be4984626ae.jpeg?from=4010531038"
					]
				},
				"follower_count": 0,
				"secret": 0,
				"nickname": "Boyfriend",
				"verification_type": 1,
				"followers_detail": null,
				"geofencing": null,
				"type_label": []
			},
			"cha_list": null,
			"statistics": {
				"aweme_id": "6889418339257470223",
				"comment_count": 3,
				"digg_count": 9,
				"play_count": 0,
				"share_count": 0,
				"forward_count": 0
			},
			"comment_list": null,
			"geofencing": null,
			"video_text": null,
			"images": null,
			"aweme_id": "6889418339257470223",
			"video": {
				"download_addr": {
					"uri": "v0d00f610000bue20nbhmotnfh3s5o5g",
					"url_list": [
						"https://aweme.snssdk.com/aweme/v1/play/?video_id=v0d00f610000bue20nbhmotnfh3s5o5g&line=0&ratio=720p&watermark=1&media_type=4&vr_type=0&improve_bitrate=0&logo_name=aweme_search_suffix&source=PackSourceEnum_DOUYIN_REFLOW",
						"https://api.amemv.com/aweme/v1/play/?video_id=v0d00f610000bue20nbhmotnfh3s5o5g&line=1&ratio=720p&watermark=1&media_type=4&vr_type=0&improve_bitrate=0&logo_name=aweme_search_suffix&source=PackSourceEnum_DOUYIN_REFLOW"
					]
				},
				"bit_rate": null,
				"duration": 12284,
				"vid": "v0d00f610000bue20nbhmotnfh3s5o5g",
				"play_addr": {
					"uri": "v0d00f610000bue20nbhmotnfh3s5o5g",
					"url_list": [
						"http://v26-dy-cold.ixigua.com/c5847c5ad711615a27f64b112a856ef0/600ba08e/video/tos/cn/tos-cn-ve-15/8ab35cbc9d134519a27425fd3762f2f3/?a=1128&br=2850&bt=950&cd=0%7C0%7C0&cr=0&cs=0&dr=0&ds=3&er=&l=2021012311052201019806015159029801&lr=all&mime_type=video_mp4&pl=1&qs=0&rc=anJ2a3Fya3E1eDMzNGkzM0ApZzQ7aWg3aDs0Nzo5NGU8ZmcyMjBjcWpfLWJfLS0zLWFzc2JeYzJeYDA0YC4yMGBjX2A6Yw%3D%3D&vl=&vr=",
						"http://v9-dy-cold.ixigua.com/012d7478bb0580d8e1228d5019015181/600ba08e/video/tos/cn/tos-cn-ve-15/8ab35cbc9d134519a27425fd3762f2f3/?a=1128&br=2850&bt=950&cd=0%7C0%7C0&cr=0&cs=0&dr=0&ds=3&er=&l=2021012311052201019806015159029801&lr=all&mime_type=video_mp4&pl=1&qs=0&rc=anJ2a3Fya3E1eDMzNGkzM0ApZzQ7aWg3aDs0Nzo5NGU8ZmcyMjBjcWpfLWJfLS0zLWFzc2JeYzJeYDA0YC4yMGBjX2A6Yw%3D%3D&vl=&vr=",
						"https://aweme.snssdk.com/aweme/v1/play/?video_id=v0d00f610000bue20nbhmotnfh3s5o5g&line=0&ratio=720p&media_type=4&vr_type=0&improve_bitrate=0&is_play_url=1&source=PackSourceEnum_NONE",
						"https://api.amemv.com/aweme/v1/play/?video_id=v0d00f610000bue20nbhmotnfh3s5o5g&line=1&ratio=720p&media_type=4&vr_type=0&improve_bitrate=0&is_play_url=1&source=PackSourceEnum_NONE"
					]
				},
				"dynamic_cover": {
					"uri": "tos-cn-p-0015/396a63fcef624415ba1582c233576a09_1604067715",
					"url_list": [
						"https://p6.douyinpic.com/obj/tos-cn-p-0015/396a63fcef624415ba1582c233576a09_1604067715?from=2563711402_large",
						"https://p3.douyinpic.com/obj/tos-cn-p-0015/396a63fcef624415ba1582c233576a09_1604067715?from=2563711402_large",
						"https://p9.douyinpic.com/obj/tos-cn-p-0015/396a63fcef624415ba1582c233576a09_1604067715?from=2563711402_large"
					]
				},
				"origin_cover": {
					"uri": "tos-cn-p-0015/2fdebf33070d44e3b465020f10938101_1604067714",
					"url_list": [
						"https://p1.douyinpic.com/tos-cn-p-0015/2fdebf33070d44e3b465020f10938101_1604067714~tplv-dy-360p.jpeg?from=2563711402",
						"https://p9.douyinpic.com/tos-cn-p-0015/2fdebf33070d44e3b465020f10938101_1604067714~tplv-dy-360p.jpeg?from=2563711402",
						"https://p6.douyinpic.com/tos-cn-p-0015/2fdebf33070d44e3b465020f10938101_1604067714~tplv-dy-360p.jpeg?from=2563711402"
					]
				},
				"ratio": "720p",
				"has_watermark": true,
				"play_addr_lowbr": {
					"uri": "v0d00f610000bue20nbhmotnfh3s5o5g",
					"url_list": [
						"http://v26-dy-cold.ixigua.com/c5847c5ad711615a27f64b112a856ef0/600ba08e/video/tos/cn/tos-cn-ve-15/8ab35cbc9d134519a27425fd3762f2f3/?a=1128&br=2850&bt=950&cd=0%7C0%7C0&cr=0&cs=0&dr=0&ds=3&er=&l=2021012311052201019806015159029801&lr=all&mime_type=video_mp4&pl=1&qs=0&rc=anJ2a3Fya3E1eDMzNGkzM0ApZzQ7aWg3aDs0Nzo5NGU8ZmcyMjBjcWpfLWJfLS0zLWFzc2JeYzJeYDA0YC4yMGBjX2A6Yw%3D%3D&vl=&vr=",
						"http://v9-dy-cold.ixigua.com/012d7478bb0580d8e1228d5019015181/600ba08e/video/tos/cn/tos-cn-ve-15/8ab35cbc9d134519a27425fd3762f2f3/?a=1128&br=2850&bt=950&cd=0%7C0%7C0&cr=0&cs=0&dr=0&ds=3&er=&l=2021012311052201019806015159029801&lr=all&mime_type=video_mp4&pl=1&qs=0&rc=anJ2a3Fya3E1eDMzNGkzM0ApZzQ7aWg3aDs0Nzo5NGU8ZmcyMjBjcWpfLWJfLS0zLWFzc2JeYzJeYDA0YC4yMGBjX2A6Yw%3D%3D&vl=&vr=",
						"https://aweme.snssdk.com/aweme/v1/play/?video_id=v0d00f610000bue20nbhmotnfh3s5o5g&line=0&ratio=720p&media_type=4&vr_type=0&improve_bitrate=0&is_play_url=1&source=PackSourceEnum_NONE",
						"https://api.amemv.com/aweme/v1/play/?video_id=v0d00f610000bue20nbhmotnfh3s5o5g&line=1&ratio=720p&media_type=4&vr_type=0&improve_bitrate=0&is_play_url=1&source=PackSourceEnum_NONE"
					]
				},
				"cover": {
					"uri": "tos-cn-p-0015/f6157388a77443f1806caeef2e79fccc_1604067717",
					"url_list": [
						"https://p3.douyinpic.com/img/tos-cn-p-0015/f6157388a77443f1806caeef2e79fccc_1604067717~c5_300x400.jpeg?from=2563711402_large",
						"https://p29.douyinpic.com/img/tos-cn-p-0015/f6157388a77443f1806caeef2e79fccc_1604067717~c5_300x400.jpeg?from=2563711402_large",
						"https://p11.douyinpic.com/img/tos-cn-p-0015/f6157388a77443f1806caeef2e79fccc_1604067717~c5_300x400.jpeg?from=2563711402_large"
					]
				},
				"height": 1072,
				"width": 1920
			},
			"promotions": null,
			"long_video": null
		}
	],
	"max_cursor": 1581232111000,
	"min_cursor": 1610107912000,
	"has_more": true,
	"extra": {
		"logid": "2021012311052201019806015159029801",
		"now": 1611371122000
	}
}